"DATASET","SERIES_CODE","OBS_MEASURE","COUNTRY","INDICATOR","TYPE_OF_TRANSFORMATION","FREQUENCY","SCALE","2024-M12","2025-M01","2025-M02","2025-M03","2025-M04","2025-M05","2025-M06","2025-M07","2025-M08","2025-M09"
"IMF.STA:ER(4.0.1)","NIC.USD_XDC.EOP_RT.M","OBS_VALUE","Nicaragua","US Dollar per domestic currency","End-of-period (EoP)","Monthly","Units","0.02730427612268357","","","","","","","","",""
"IMF.STA:ER(4.0.1)","VUT.USD_XDC.EOP_RT.M","OBS_VALUE","Vanuatu","US Dollar per domestic currency","End-of-period (EoP)","Monthly","Units","0.008077544426494346","0.008110300081103","","","","","","","",""
"IMF.STA:ER(4.0.1)","KGZ.USD_XDC.EOP_RT.M","OBS_VALUE","Kyrgyz Republic","US Dollar per domestic currency","End-of-period (EoP)","Monthly","Units","0.01149425287356322","0.01143510577472842","0.01143514500335622","0.01157407407407407","","","","","",""
"IMF.STA:ER(4.0.1)","TZA.USD_XDC.EOP_RT.M","OBS_VALUE","Tanzania, United Republic of","US Dollar per domestic currency","End-of-period (EoP)","Monthly","Units","4.175792513221603E-4","4.021490847086832E-4","3.874031976259932E-4","3.773620505853829E-4","3.73245744998507E-4","","","","",""
"IMF.STA:ER(4.0.1)","SLB.USD_XDC.EOP_RT.M","OBS_VALUE","Solomon Islands","US Dollar per domestic currency","End-of-period (EoP)","Monthly","Units","0.1176999999999999","0.1177133330281072","0.1180195112997938","0.1185943328097547","0.1197190188679245","0.1197","","","",""
"IMF.STA:ER(4.0.1)","SSD.USD_XDC.EOP_RT.M","OBS_VALUE","South Sudan, Republic of","US Dollar per domestic currency","End-of-period (EoP)","Monthly","Units","2.53833804245807E-4","2.325480967019634E-4","2.246811628256748E-4","2.242175692492599E-4","2.22590540316055E-4","2.220645662497212E-4","","","",""
"IMF.STA:ER(4.0.1)","LBN.USD_XDC.EOP_RT.M","OBS_VALUE","Lebanon","US Dollar per domestic currency","End-of-period (EoP)","Monthly","Units","1.11731843575419E-5","1.11731843575419E-5","1.11731843575419E-5","1.11731843575419E-5","1.11731843575419E-5","1.11731843575419E-5","","","",""
"IMF.STA:ER(4.0.1)","PNG.USD_XDC.EOP_RT.M","OBS_VALUE","Papua New Guinea","US Dollar per domestic currency","End-of-period (EoP)","Monthly","Units","0.25","0.2494","0.2487000000000003","0.2463999999999999","0.2451999999999999","0.2437999999999999","","","",""
"IMF.STA:ER(4.0.1)","URY.USD_XDC.EOP_RT.M","OBS_VALUE","Uruguay","US Dollar per domestic currency","End-of-period (EoP)","Monthly","Units","0.02269323287795579","0.02319001901581559","0.02348244687096395","0.02373774538894296","0.0238384705237312","0.02399347377513316","0.02528572873470213","","",""
"IMF.STA:ER(4.0.1)","SLE.USD_XDC.EOP_RT.M","OBS_VALUE","Sierra Leone","US Dollar per domestic currency","End-of-period (EoP)","Monthly","Units","0.04406839414771726","0.04423173892658416","0.04405577461065709","0.04410493446006739","0.04407053047697535","","","","",""
"IMF.STA:ER(4.0.1)","GMB.USD_XDC.EOP_RT.M","OBS_VALUE","Gambia, The","US Dollar per domestic currency","End-of-period (EoP)","Monthly","Units","0.01445080055251978","0.01422451857337543","0.01410039481105471","0.01405578892505653","0.01403493375063699","0.01399580125962211","","","",""
"IMF.STA:ER(4.0.1)","TUR.USD_XDC.EOP_RT.M","OBS_VALUE","Türkiye, Republic of","US Dollar per domestic currency","End-of-period (EoP)","Monthly","Units","0.02836473072652003","0.027969524406207","0.02747407477618932","0.02645527141124323","0.02604047992604504","0.02557691938794432","0.02513939796169761","","",""
"IMF.STA:ER(4.0.1)","TWN.USD_XDC.EOP_RT.M","OBS_VALUE","Taiwan Province of China","US Dollar per domestic currency","End-of-period (EoP)","Monthly","Units","0.03050547573289405","0.03059788262652224","0.03046922608165753","0.03013682116810319","0.03123340725239716","0.03341240936883959","0.03344257909169955","","",""
"IMF.STA:ER(4.0.1)","ISR.USD_XDC.EOP_RT.M","OBS_VALUE","Israel","US Dollar per domestic currency","End-of-period (EoP)","Monthly","Units","0.2741979709350151","0.2795638803466592","0.2785515320334262","0.2689618074233459","0.2749518834204014","0.2842524161455372","0.2965599051008304","","",""
"IMF.STA:ER(4.0.1)","SYC.USD_XDC.EOP_RT.M","OBS_VALUE","Seychelles","US Dollar per domestic currency","End-of-period (EoP)","Monthly","Units","0.06749154483156757","0.06734515151033278","0.06785195756374254","0.06837793854190884","0.06833074815336153","0.06834055465194155","0.06824168475071313","","",""
"IMF.STA:ER(4.0.1)","VNM.USD_XDC.EOP_RT.M","OBS_VALUE","Vietnam","US Dollar per domestic currency","End-of-period (EoP)","Monthly","Units","4.109307581672488E-5","4.110996916752312E-5","4.044325810887325E-5","4.026251157547208E-5","4.007052412245552E-5","4.003523100328289E-5","3.991697269679068E-5","","",""
"IMF.STA:ER(4.0.1)","GUY.USD_XDC.EOP_RT.M","OBS_VALUE","Guyana","US Dollar per domestic currency","End-of-period (EoP)","Monthly","Units","0.004796163069544365","0.004796163069544365","0.004796163069544365","0.004796163069544365","0.004796163069544365","0.004796163069544365","0.004796163069544365","","",""
"IMF.STA:ER(4.0.1)","KEN.USD_XDC.EOP_RT.M","OBS_VALUE","Kenya","US Dollar per domestic currency","End-of-period (EoP)","Monthly","Units","0.007734388716454989","0.00773818920182126","0.00773840477428621","0.00773296524418771","0.007721983870320092","0.007737440779562633","0.007737883828054936","0.007737578478389717","",""
"IMF.STA:ER(4.0.1)","ZWE.USD_XDC.EOP_RT.M","OBS_VALUE","Zimbabwe","US Dollar per domestic currency","End-of-period (EoP)","Monthly","Units","0.03876194352384829","0.03792820948508663","0.0376484761779267","0.03736166842266508","0.03729144757941214","0.03716063054157903","0.03711167273442516","","",""
"IMF.STA:ER(4.0.1)","RWA.USD_XDC.EOP_RT.M","OBS_VALUE","Rwanda","US Dollar per domestic currency","End-of-period (EoP)","Monthly","Units","7.230724169563658E-4","7.173849185927592E-4","7.115304219972732E-4","7.067365278457157E-4","7.057309739793666E-4","7.04326339117585E-4","6.97827727461522E-4","6.939546353596805E-4","",""
"IMF.STA:ER(4.0.1)","ZMB.USD_XDC.EOP_RT.M","OBS_VALUE","Zambia","US Dollar per domestic currency","End-of-period (EoP)","Monthly","Units","0.03585881870805793","0.03566197541870984","0.03502758422257524","0.0355654913118585","0.035807916107168","0.03752294930381534","0.04215343851619904","0.043559427504667","",""
"IMF.STA:ER(4.0.1)","CMR.USD_XDC.EOP_RT.M","OBS_VALUE","Cameroon","US Dollar per domestic currency","End-of-period (EoP)","Monthly","Units","0.001583792840079456","0.001584402636148406","0.001587146718458679","0.001648736121422593","0.001733802673041068","0.001728619406454996","0.00178670248202245","0.001744931451299399","0.00177725064295373",""
"IMF.STA:ER(4.0.1)","GNB.USD_XDC.EOP_RT.M","OBS_VALUE","Guinea-Bissau","US Dollar per domestic currency","End-of-period (EoP)","Monthly","Units","0.001583792840079456","0.001584402636148406","0.001587146718458679","0.001648736121422593","0.001733802673041068","0.001728619406454996","0.00178670248202245","0.001744931451299399","0.00177725064295373",""
"IMF.STA:ER(4.0.1)","PYF.USD_XDC.EOP_RT.M","OBS_VALUE","French Polynesia","US Dollar per domestic currency","End-of-period (EoP)","Monthly","Units","0.00870598508191872","0.008709337083105327","0.008724421088445069","0.00906297320829252","0.009530577373824392","0.009502085363738222","0.00982136347676267","0.009591751395479993","0.009769407458370237",""
"IMF.STA:ER(4.0.1)","TGO.USD_XDC.EOP_RT.M","OBS_VALUE","Togo","US Dollar per domestic currency","End-of-period (EoP)","Monthly","Units","0.001583792840079456","0.001584402636148406","0.001587146718458679","0.001648736121422593","0.001733802673041068","0.001728619406454996","0.00178670248202245","0.001744931451299399","0.00177725064295373",""
"IMF.STA:ER(4.0.1)","NCL.USD_XDC.EOP_RT.M","OBS_VALUE","New Caledonia","US Dollar per domestic currency","End-of-period (EoP)","Monthly","Units","0.00870598508191872","0.008709337083105327","0.008724421088445069","0.00906297320829252","0.009530577373824392","0.009502085363738222","0.00982136347676267","0.009591751395479993","0.009769407458370237",""
"IMF.STA:ER(4.0.1)","GNQ.USD_XDC.EOP_RT.M","OBS_VALUE","Equatorial Guinea, Republic of","US Dollar per domestic currency","End-of-period (EoP)","Monthly","Units","0.001583792840079456","0.001584402636148406","0.001587146718458679","0.001648736121422593","0.001733802673041068","0.001728619406454996","0.00178670248202245","0.001744931451299399","0.00177725064295373",""
"IMF.STA:ER(4.0.1)","CAF.USD_XDC.EOP_RT.M","OBS_VALUE","Central African Republic","US Dollar per domestic currency","End-of-period (EoP)","Monthly","Units","0.001583792840079456","0.001584402636148406","0.001587146718458679","0.001648736121422593","0.001733802673041068","0.001728619406454996","0.00178670248202245","0.001744931451299399","0.00177725064295373",""
"IMF.STA:ER(4.0.1)","MLI.USD_XDC.EOP_RT.M","OBS_VALUE","Mali","US Dollar per domestic currency","End-of-period (EoP)","Monthly","Units","0.001583792840079456","0.001584402636148406","0.001587146718458679","0.001648736121422593","0.001733802673041068","0.001728619406454996","0.00178670248202245","0.001744931451299399","0.00177725064295373",""
"IMF.STA:ER(4.0.1)","AND.USD_XDC.EOP_RT.M","OBS_VALUE","Andorra, Principality of","US Dollar per domestic currency","End-of-period (EoP)","Monthly","Units","1.0389","1.0393","1.0411","1.0815","1.1373","1.1339","1.172","1.1446","1.1658",""
"IMF.STA:ER(4.0.1)","SEN.USD_XDC.EOP_RT.M","OBS_VALUE","Senegal","US Dollar per domestic currency","End-of-period (EoP)","Monthly","Units","0.001583792840079456","0.001584402636148406","0.001587146718458679","0.001648736121422593","0.001733802673041068","0.001728619406454996","0.00178670248202245","0.001744931451299399","0.00177725064295373",""
"IMF.STA:ER(4.0.1)","TCD.USD_XDC.EOP_RT.M","OBS_VALUE","Chad","US Dollar per domestic currency","End-of-period (EoP)","Monthly","Units","0.001583792840079456","0.001584402636148406","0.001587146718458679","0.001648736121422593","0.001733802673041068","0.001728619406454996","0.00178670248202245","0.001744931451299399","0.00177725064295373",""
"IMF.STA:ER(4.0.1)","KOS.USD_XDC.EOP_RT.M","OBS_VALUE","Kosovo, Republic of","US Dollar per domestic currency","End-of-period (EoP)","Monthly","Units","1.0389","1.0393","1.0411","1.0815","1.1373","1.1339","1.172","1.1446","1.1658",""
"IMF.STA:ER(4.0.1)","CHN.USD_XDC.EOP_RT.M","OBS_VALUE","China, People's Republic of","US Dollar per domestic currency","End-of-period (EoP)","Monthly","Units","0.137001315212626","0.1376329878745338","0.1372758970979875","0.1378948965098802","0.1376708839847461","0.1389602990425635","0.1395634455423435","0.1390395150301716","0.1402544215206384",""
"IMF.STA:ER(4.0.1)","NAM.USD_XDC.EOP_RT.M","OBS_VALUE","Namibia","US Dollar per domestic currency","End-of-period (EoP)","Monthly","Units","0.05319488477987957","0.05391024483337691","0.05407188316147486","0.05428454329056616","0.05395323441547336","0.05603151212241765","0.0563280319267285","0.05567200282813774","0.05643086090921403",""
"IMF.STA:ER(4.0.1)","BFA.USD_XDC.EOP_RT.M","OBS_VALUE","Burkina Faso","US Dollar per domestic currency","End-of-period (EoP)","Monthly","Units","0.001583792840079456","0.001584402636148406","0.001587146718458679","0.001648736121422593","0.001733802673041068","0.001728619406454996","0.00178670248202245","0.001744931451299399","0.00177725064295373",""
"IMF.STA:ER(4.0.1)","CIV.USD_XDC.EOP_RT.M","OBS_VALUE","Côte d'Ivoire","US Dollar per domestic currency","End-of-period (EoP)","Monthly","Units","0.001583792840079456","0.001584402636148406","0.001587146718458679","0.001648736121422593","0.001733802673041068","0.001728619406454996","0.00178670248202245","0.001744931451299399","0.00177725064295373",""
"IMF.STA:ER(4.0.1)","GAB.USD_XDC.EOP_RT.M","OBS_VALUE","Gabon","US Dollar per domestic currency","End-of-period (EoP)","Monthly","Units","0.001583792840079456","0.001584402636148406","0.001587146718458679","0.001648736121422593","0.001733802673041068","0.001728619406454996","0.00178670248202245","0.001744931451299399","0.00177725064295373",""
"IMF.STA:ER(4.0.1)","G758.USD_XDC.EOP_RT.M","OBS_VALUE","Central African Economic and Monetary Community (CEMAC)","US Dollar per domestic currency","End-of-period (EoP)","Monthly","Units","0.001583792840079456","0.001584402636148406","0.001587146718458679","0.001648736121422593","0.001733802673041068","0.001728619406454996","0.00178670248202245","0.001744931451299399","0.00177725064295373",""
"IMF.STA:ER(4.0.1)","SMR.USD_XDC.EOP_RT.M","OBS_VALUE","San Marino, Republic of","US Dollar per domestic currency","End-of-period (EoP)","Monthly","Units","1.0389","1.0393","1.0411","1.0815","1.1373","1.1339","1.172","1.1446","1.1658",""
"IMF.STA:ER(4.0.1)","MNE.USD_XDC.EOP_RT.M","OBS_VALUE","Montenegro","US Dollar per domestic currency","End-of-period (EoP)","Monthly","Units","1.0389","1.0393","1.0411","1.0815","1.1373","1.1339","1.172","1.1446","1.1658",""
"IMF.STA:ER(4.0.1)","G163.USD_XDC.EOP_RT.M","OBS_VALUE","Euro Area (EA)","US Dollar per domestic currency","End-of-period (EoP)","Monthly","Units","1.0389","1.0393","1.0411","1.0815","1.1373","1.1339","1.172","1.1446","1.1658",""
"IMF.STA:ER(4.0.1)","COM.USD_XDC.EOP_RT.M","OBS_VALUE","Comoros, Union of the","US Dollar per domestic currency","End-of-period (EoP)","Monthly","Units","0.002111723786772609","0.002112536848197875","0.002116195624611573","0.002198314828563457","0.002311736897388091","0.002304825875273328","0.002382269976029933","0.002326575268399199","0.002369667523938307",""
"IMF.STA:ER(4.0.1)","COG.USD_XDC.EOP_RT.M","OBS_VALUE","Congo, Republic of","US Dollar per domestic currency","End-of-period (EoP)","Monthly","Units","0.001583792840079456","0.001584402636148406","0.001587146718458679","0.001648736121422593","0.001733802673041068","0.001728619406454996","0.00178670248202245","0.001744931451299399","0.00177725064295373",""
"IMF.STA:ER(4.0.1)","G759.USD_XDC.EOP_RT.M","OBS_VALUE","West African Economic and Monetary Union (WAEMU)","US Dollar per domestic currency","End-of-period (EoP)","Monthly","Units","0.001583792840079456","0.001584402636148406","0.001587146718458679","0.001648736121422593","0.001733802673041068","0.001728619406454996","0.00178670248202245","0.001744931451299399","0.00177725064295373",""
"IMF.STA:ER(4.0.1)","BEN.USD_XDC.EOP_RT.M","OBS_VALUE","Benin","US Dollar per domestic currency","End-of-period (EoP)","Monthly","Units","0.001583792840079456","0.001584402636148406","0.001587146718458679","0.001648736121422593","0.001733802673041068","0.001728619406454996","0.00178670248202245","0.001744931451299399","0.00177725064295373",""
"IMF.STA:ER(4.0.1)","NER.USD_XDC.EOP_RT.M","OBS_VALUE","Niger","US Dollar per domestic currency","End-of-period (EoP)","Monthly","Units","0.001583792840079456","0.001584402636148406","0.001587146718458679","0.001648736121422593","0.001733802673041068","0.001728619406454996","0.00178670248202245","0.001744931451299399","0.00177725064295373",""
"IMF.STA:ER(4.0.1)","NRU.USD_XDC.EOP_RT.M","OBS_VALUE","Nauru, Republic of","US Dollar per domestic currency","End-of-period (EoP)","Monthly","Units","0.6217000000000008","0.6225000000000019","0.6214","0.6279999999999997","0.6416000000000002","0.6435999999999985","0.6549999999999992","0.6469000000000016","0.6537999999999989",""
"IMF.STA:ER(4.0.1)","KIR.USD_XDC.EOP_RT.M","OBS_VALUE","Kiribati","US Dollar per domestic currency","End-of-period (EoP)","Monthly","Units","0.6217000000000008","0.6225000000000019","0.6214","0.6279999999999997","0.6416000000000002","0.6435999999999985","0.6549999999999992","0.6469000000000016","0.6537999999999989",""
"IMF.STA:ER(4.0.1)","TUV.USD_XDC.EOP_RT.M","OBS_VALUE","Tuvalu","US Dollar per domestic currency","End-of-period (EoP)","Monthly","Units","0.6217000000000008","0.6225000000000019","0.6214","0.6279999999999997","0.6416000000000002","0.6435999999999985","0.6549999999999992","0.6469000000000016","0.6537999999999989",""
"IMF.STA:ER(4.0.1)","AUS.USD_XDC.EOP_RT.M","OBS_VALUE","Australia","US Dollar per domestic currency","End-of-period (EoP)","Monthly","Units","0.6217000000000008","0.6225000000000019","0.6214","0.6279999999999997","0.6416000000000002","0.6435999999999985","0.6549999999999992","0.6469000000000016","0.6537999999999989",""
"IMF.STA:ER(4.0.1)","TJK.USD_XDC.EOP_RT.M","OBS_VALUE","Tajikistan, Republic of","US Dollar per domestic currency","End-of-period (EoP)","Monthly","Units","0.0914703864623828","0.09153988392742718","0.09160109554910277","0.09170778232240788","0.09450098753531974","0.1006117192530586","0.1010080604432234","0.1049626333025443","0.1057071278316297",""
"IMF.STA:ER(4.0.1)","HTI.USD_XDC.EOP_RT.M","OBS_VALUE","Haiti","US Dollar per domestic currency","End-of-period (EoP)","Monthly","Units","0.007672753973911102","0.00768217903471884","0.007659689200451003","0.007661097559480761","0.007658029175559553","0.00764390413932697","0.007645154730286586","0.007637762318946844","",""
"IMF.STA:ER(4.0.1)","KAZ.USD_XDC.EOP_RT.M","OBS_VALUE","Kazakhstan, Republic of","US Dollar per domestic currency","End-of-period (EoP)","Monthly","Units","0.001904362895393346","0.001929980314200795","0.002003124874804695","0.001982396320672429","0.001951828863645236","0.001957675065092696","0.001924409206373643","0.001849180812899885","0.001856872284324284",""
"IMF.STA:ER(4.0.1)","HKG.USD_XDC.EOP_RT.M","OBS_VALUE","Hong Kong Special Administrative Region, People's Republic of China","US Dollar per domestic currency","End-of-period (EoP)","Monthly","Units","0.1287995878413189","0.1283532280836863","0.1285347043701799","0.1285347043701799","0.128915817970865","0.1274859765425803","0.1273641979239636","0.1273560876209883","0.12826268197268",""
"IMF.STA:ER(4.0.1)","WSM.USD_XDC.EOP_RT.M","OBS_VALUE","Samoa","US Dollar per domestic currency","End-of-period (EoP)","Monthly","Units","0.3514999999999995","0.3518000000000003","0.3518000000000003","0.3537000000000003","0.3592999999999997","0.3608000000000002","0.3631999999999999","0.3590000000000002","0.3592999999999997",""
"IMF.STA:ER(4.0.1)","MYS.USD_XDC.EOP_RT.M","OBS_VALUE","Malaysia","US Dollar per domestic currency","End-of-period (EoP)","Monthly","Units","0.2237136465324385","0.2262443438914027","0.2239390885679095","0.2255808707421611","0.2316155182397221","0.2359046945034206","0.2371354043158644","0.2350728725905031","0.2370791844476055",""
"IMF.STA:ER(4.0.1)","ROU.USD_XDC.EOP_RT.M","OBS_VALUE","Romania","US Dollar per domestic currency","End-of-period (EoP)","Monthly","Units","0.2093451683135153","0.2085114368523113","0.2090126243625115","0.2173676774263667","0.2283782857925868","0.2237186514239692","0.2307923100002308","0.2252962645879331","0.2301866813986143",""
"IMF.STA:ER(4.0.1)","AZE.USD_XDC.EOP_RT.M","OBS_VALUE","Azerbaijan, Republic of","US Dollar per domestic currency","End-of-period (EoP)","Monthly","Units","0.5882352941176471","0.5882352941176471","0.5882352941176471","0.5882352941176471","0.5882352941176471","0.5882352941176471","0.5882352941176471","0.5882352941176471","",""
"IMF.STA:ER(4.0.1)","GTM.USD_XDC.EOP_RT.M","OBS_VALUE","Guatemala","US Dollar per domestic currency","End-of-period (EoP)","Monthly","Units","0.1297549512867474","0.1293967394609591","0.1297282711632215","0.1296434222492745","0.1299903287195433","0.1305268324009367","0.1300865465794393","0.1304127825392934","0.1305972342117739",""
"IMF.STA:ER(4.0.1)","MAC.USD_XDC.EOP_RT.M","OBS_VALUE","Macao Special Administrative Region, People's Republic of China","US Dollar per domestic currency","End-of-period (EoP)","Monthly","Units","0.1250703520730411","0.1246432088147677","0.1248610920351109","0.1248158965525849","0.1251282564628744","0.1238328751516953","0.1236827784099342","0.1236843081718222","0.1245966184477753",""
"IMF.STA:ER(4.0.1)","DOM.USD_XDC.EOP_RT.M","OBS_VALUE","Dominican Republic","US Dollar per domestic currency","End-of-period (EoP)","Monthly","Units","0.01630736114281987","0.01613452320063764","0.01599636562572983","0.01576538583417021","0.01694226077527785","0.01686906735987287","0.01664522207223028","0.01634091061358485","0.0157767277488976",""
"IMF.STA:ER(4.0.1)","MDV.USD_XDC.EOP_RT.M","OBS_VALUE","Maldives","US Dollar per domestic currency","End-of-period (EoP)","Monthly","Units","0.06485084306095978","0.06485084306095978","0.06489292667099286","0.06485084306095978","0.06485084306095978","0.06485084306095978","0.06485084306095978","0.06485084306095978","0.06485084306095978",""
"IMF.STA:ER(4.0.1)","MOZ.USD_XDC.EOP_RT.M","OBS_VALUE","Mozambique, Republic of","US Dollar per domestic currency","End-of-period (EoP)","Monthly","Units","0.01564700359881083","0.01564700359881083","0.01564945226917058","0.01564945226917058","0.01564700359881083","0.01564700359881083","0.01564945226917058","0.01564945226917058","0.01564700359881083",""
"IMF.STA:ER(4.0.1)","PHL.USD_XDC.EOP_RT.M","OBS_VALUE","Philippines","US Dollar per domestic currency","End-of-period (EoP)","Monthly","Units","0.01723721860240632","0.01713443679106268","0.01727205209250911","0.01742706772158517","0.01777714570148617","0.01795235445128629","0.01767377741644722","0.01745017973685129","0.01751773670841727",""
"IMF.STA:ER(4.0.1)","MKD.USD_XDC.EOP_RT.M","OBS_VALUE","North Macedonia, Republic of","US Dollar per domestic currency","End-of-period (EoP)","Monthly","Units","0.01698349374243173","0.01691660957310936","0.01700148252927655","0.0175005993955293","0.01845297628054429","0.0183820150364883","0.01898275227128631","0.01870508441604597","0.01895950250265433",""
"IMF.STA:ER(4.0.1)","ARG.USD_XDC.EOP_RT.M","OBS_VALUE","Argentina","US Dollar per domestic currency","End-of-period (EoP)","Monthly","Units","9.70402717127608E-4","9.505703422053232E-4","9.405125793557489E-4","9.324009324009324E-4","8.58000858000858E-4","8.449514152936206E-4","8.329862557267805E-4","7.301935012778386E-4","7.476635514018692E-4",""
"IMF.STA:ER(4.0.1)","PAK.USD_XDC.EOP_RT.M","OBS_VALUE","Pakistan","US Dollar per domestic currency","End-of-period (EoP)","Monthly","Units","0.003589798725370167","0.003584436234492385","0.00357549889383003","0.003569235403745663","0.003559049434840745","0.003546092374642532","0.003524237769044717","0.003535396567200641","0.003548894359706705",""
"IMF.STA:ER(4.0.1)","LAO.USD_XDC.EOP_RT.M","OBS_VALUE","Lao People's Democratic Republic","US Dollar per domestic currency","End-of-period (EoP)","Monthly","Units","4.865706500583885E-5","4.873294346978558E-5","4.881382407497803E-5","4.889975550122249E-5","4.895721139723881E-5","4.90075961774075E-5","4.912315174141573E-5","4.905567819475104E-5","",""
"IMF.STA:ER(4.0.1)","NPL.USD_XDC.EOP_RT.M","OBS_VALUE","Nepal","US Dollar per domestic currency","End-of-period (EoP)","Monthly","Units","0.007370826269624825","0.007270083605961469","0.007197869430648528","0.007166403898523721","0.007263746640517179","0.007323861139592793","0.007260055176419341","0.007283321194464676","0.007138268256121065",""
"IMF.STA:ER(4.0.1)","JAM.USD_XDC.EOP_RT.M","OBS_VALUE","Jamaica","US Dollar per domestic currency","End-of-period (EoP)","Monthly","Units","0.006426644353357472","0.006368252478285055","0.006382388691939011","0.006342340513919852","0.006306281592500065","0.006274560984654306","0.006263197731970837","0.00624336252521538","0.006237855674733254",""
"IMF.STA:ER(4.0.1)","MDA.USD_XDC.EOP_RT.M","OBS_VALUE","Moldova, Republic of","US Dollar per domestic currency","End-of-period (EoP)","Monthly","Units","0.05411518959256674","0.05354350945578377","0.0536454784908454","0.05540442459734834","0.0581280444563284","0.05772005772005772","0.05935704449404055","0.05846380505828841","0.06010337780983291",""
"IMF.STA:ER(4.0.1)","TON.USD_XDC.EOP_RT.M","OBS_VALUE","Tonga","US Dollar per domestic currency","End-of-period (EoP)","Monthly","Units","0.4103999999999998","0.4107000000000008","0.4108000000000001","0.4125000000000007","0.4168000000000003","0.4179999999999992","0.4195000000000003","0.4156000000000004","",""
"IMF.STA:ER(4.0.1)","SUR.USD_XDC.EOP_RT.M","OBS_VALUE","Suriname","US Dollar per domestic currency","End-of-period (EoP)","Monthly","Units","0.02834949254408346","0.02837966313339861","0.02800688969486494","0.02716468590831919","0.02727731482112901","0.02737700878801982","0.02677842194759463","0.02718351591594857","0.02597166491357929",""
"IMF.STA:ER(4.0.1)","CPV.USD_XDC.EOP_RT.M","OBS_VALUE","Cabo Verde","US Dollar per domestic currency","End-of-period (EoP)","Monthly","Units","0.00946360298292766","0.009434585302803016","0.009501639032733145","0.009791825783835653","0.01030067675446277","0.01023080700605664","0.01061447177081233","0.01045390871646909","",""
"IMF.STA:ER(4.0.1)","AGO.USD_XDC.EOP_RT.M","OBS_VALUE","Angola","US Dollar per domestic currency","End-of-period (EoP)","Monthly","Units","0.001096491228070175","0.001096491228070175","0.001096491228070175","0.001096491228070175","0.001096491228070175","0.001096545333925468","0.001096545333925468","0.001096545333925468","0.001096545333925468",""
"IMF.STA:ER(4.0.1)","LBY.USD_XDC.EOP_RT.M","OBS_VALUE","Libya","US Dollar per domestic currency","End-of-period (EoP)","Monthly","Units","0.2034215504790578","0.2036328093182374","0.2045784660706614","0.2067354406565918","0.1832000000000002","0.1826","0.1853999999999999","0.1830395548478026","0.1847745750184775",""
"IMF.STA:ER(4.0.1)","SWZ.USD_XDC.EOP_RT.M","OBS_VALUE","Eswatini, Kingdom of","US Dollar per domestic currency","End-of-period (EoP)","Monthly","Units","0.05335049999999987","0.0536651999999999","0.05415180000000006","0.05443979999999997","0.05385090000000002","0.05589589999999987","0.05624170000000011","0.05528710000000004","0.05643010000000002",""
"IMF.STA:ER(4.0.1)","LSO.USD_XDC.EOP_RT.M","OBS_VALUE","Lesotho, Kingdom of","US Dollar per domestic currency","End-of-period (EoP)","Monthly","Units","0.05335049999999987","0.0536651999999999","0.05415180000000006","0.05443979999999997","0.05385090000000002","0.05589589999999987","0.05624170000000011","0.05528710000000004","0.05643010000000002",""
"IMF.STA:ER(4.0.1)","TUN.USD_XDC.EOP_RT.M","OBS_VALUE","Tunisia","US Dollar per domestic currency","End-of-period (EoP)","Monthly","Units","0.3140210394096404","0.3137156481365291","0.3141492837396331","0.3220197076061055","0.3347728566167855","0.3349747094094396","0.3437489257846069","0.3384209279501844","0.3434183866204197",""
"IMF.STA:ER(4.0.1)","BLR.USD_XDC.EOP_RT.M","OBS_VALUE","Belarus, Republic of","US Dollar per domestic currency","End-of-period (EoP)","Monthly","Units","0.2878940549877645","0.2929630280658581","0.3147623544224111","0.3207595586348473","0.3277399056109072","0.3336892685531233","0.3371203182415804","0.3307972213033411","0.3359199166918607",""
"IMF.STA:ER(4.0.1)","MDG.USD_XDC.EOP_RT.M","OBS_VALUE","Madagascar, Republic of","US Dollar per domestic currency","End-of-period (EoP)","Monthly","Units","2.131114700855429E-4","2.140342240724292E-4","2.123133235103036E-4","2.156943524747692E-4","2.23975703115726E-4","2.2058742431094E-4","2.253836028921224E-4","2.24860080814713E-4","2.242323405820175E-4",""
"IMF.STA:ER(4.0.1)","BDI.USD_XDC.EOP_RT.M","OBS_VALUE","Burundi","US Dollar per domestic currency","End-of-period (EoP)","Monthly","Units","3.430543501006865E-4","3.424505073404266E-4","3.419411314148156E-4","3.413738248206081E-4","3.40815366683253E-4","3.402761000275624E-4","3.39787021494927E-4","","",""
"IMF.STA:ER(4.0.1)","NGA.USD_XDC.EOP_RT.M","OBS_VALUE","Nigeria","US Dollar per domestic currency","End-of-period (EoP)","Monthly","Units","6.511179695537236E-4","6.764892911745208E-4","6.700207907451368E-4","6.506942908082924E-4","6.262960021459406E-4","6.304564428991817E-4","6.53718465029821E-4","6.520817710540903E-4","6.533512377706533E-4",""
"IMF.STA:ER(4.0.1)","ZAF.USD_XDC.EOP_RT.M","OBS_VALUE","South Africa","US Dollar per domestic currency","End-of-period (EoP)","Monthly","Units","0.05335049999999987","0.0536651999999999","0.05415180000000006","0.05443979999999997","0.05385090000000002","0.05589589999999987","0.05624170000000011","0.05528710000000004","0.05643010000000002",""
"IMF.STA:ER(4.0.1)","GHA.USD_XDC.EOP_RT.M","OBS_VALUE","Ghana","US Dollar per domestic currency","End-of-period (EoP)","Monthly","Units","0.06802697950006974","0.06535926353181852","0.0643915003219575","0.0643915003219575","0.0706713780918728","0.09727626459143969","0.09699321047526673","0.09523764172551559","0.08771929824561404","0.08051529790660225"
"IMF.STA:ER(4.0.1)","BIH.USD_XDC.EOP_RT.M","OBS_VALUE","Bosnia and Herzegovina","US Dollar per domestic currency","End-of-period (EoP)","Monthly","Units","0.5339932065384264","0.5318970694067167","0.535680614361383","0.5520418094384796","0.5814967726929116","0.5768010613139528","0.5984082340973012","0.5893793835091647","0.5969792848188168","0.5993766482857829"
"IMF.STA:ER(4.0.1)","COL.USD_XDC.EOP_RT.M","OBS_VALUE","Colombia","US Dollar per domestic currency","End-of-period (EoP)","Monthly","Units","2.26801084109182E-4","2.398075783990926E-4","2.427119664280808E-4","2.385171863558629E-4","2.381615831076752E-4","2.410381997338938E-4","2.457201689571882E-4","2.392521933444825E-4","2.488546464895319E-4","2.563254718311123E-4"
"IMF.STA:ER(4.0.1)","HND.USD_XDC.EOP_RT.M","OBS_VALUE","Honduras","US Dollar per domestic currency","End-of-period (EoP)","Monthly","Units","0.03940110323089046","0.0392060000862532","0.03907883373128612","0.03902819787296322","0.03878569738623185","0.03849040626623814","0.03828571866122499","0.03815352214239658","0.03841219356672582","0.03821782632291006"
"IMF.STA:ER(4.0.1)","KHM.USD_XDC.EOP_RT.M","OBS_VALUE","Cambodia","US Dollar per domestic currency","End-of-period (EoP)","Monthly","Units","2.481697481077057E-4","2.484472049689441E-4","2.491280518186348E-4","2.498750624687656E-4","2.4965672200724E-4","2.495570362606374E-4","2.491715047467172E-4","2.495227876685838E-4","2.493765586034913E-4",""
"IMF.STA:ER(4.0.1)","DZA.USD_XDC.EOP_RT.M","OBS_VALUE","Algeria","US Dollar per domestic currency","End-of-period (EoP)","Monthly","Units","0.007371494577897163","0.00739947078984911","0.00740577813621744","0.007478329670198183","0.007558853231258579","0.00756975338500447","0.007729444701233774","0.007648879706833739","0.007709690078168548","0.007723838778768403"
"IMF.STA:ER(4.0.1)","QAT.USD_XDC.EOP_RT.M","OBS_VALUE","Qatar","US Dollar per domestic currency","End-of-period (EoP)","Monthly","Units","0.2747252747252747","0.2747252747252747","0.2747252747252747","0.2747252747252747","0.2747252747252747","0.2747252747252747","0.2747252747252747","0.2747252747252747","0.2747252747252747","0.2747252747252747"
"IMF.STA:ER(4.0.1)","OMN.USD_XDC.EOP_RT.M","OBS_VALUE","Oman","US Dollar per domestic currency","End-of-period (EoP)","Monthly","Units","2.600780234070221","2.600780234070221","2.600780234070221","2.600780234070221","2.600780234070221","2.600780234070221","2.600780234070221","2.600780234070221","2.600780234070221","2.600780234070221"
"IMF.STA:ER(4.0.1)","BOL.USD_XDC.EOP_RT.M","OBS_VALUE","Bolivia","US Dollar per domestic currency","End-of-period (EoP)","Monthly","Units","0.1447178002894356","0.1447178002894356","0.1447178002894356","0.1447178002894356","0.1447178002894356","0.1447178002894356","0.1447178002894356","0.1447178002894356","0.1447178002894356",""
"IMF.STA:ER(4.0.1)","PAN.USD_XDC.EOP_RT.M","OBS_VALUE","Panama","US Dollar per domestic currency","End-of-period (EoP)","Monthly","Units","1.0","1.0","1.0","1.0","1.0","1.0","1.0","1.0","1.0","1.0"
"IMF.STA:ER(4.0.1)","DNK.USD_XDC.EOP_RT.M","OBS_VALUE","Denmark","US Dollar per domestic currency","End-of-period (EoP)","Monthly","Units","0.13999916000504","0.1392835255445986","0.1395887714792222","0.1449485432671402","0.1523786304208698","0.1517266492686776","0.1570845114671693","0.1533789380042333","0.1561865492143817","0.1572821642025794"
"IMF.STA:ER(4.0.1)","BHR.USD_XDC.EOP_RT.M","OBS_VALUE","Bahrain, Kingdom of","US Dollar per domestic currency","End-of-period (EoP)","Monthly","Units","2.659574468085106","2.659574468085106","2.659574468085106","2.659574468085106","2.659574468085106","2.659574468085106","2.659574468085106","2.659574468085106","2.659574468085106","2.659574468085106"
"IMF.STA:ER(4.0.1)","IDN.USD_XDC.EOP_RT.M","OBS_VALUE","Indonesia","US Dollar per domestic currency","End-of-period (EoP)","Monthly","Units","6.187353050365054E-5","6.150439756442586E-5","6.08605869577588E-5","6.028454304316373E-5","5.95699052838506E-5","6.151953245155337E-5","6.160290765724142E-5","6.102396380546659E-5","6.11396429444852E-5","5.995203836930456E-5"
"IMF.STA:ER(4.0.1)","SWE.USD_XDC.EOP_RT.M","OBS_VALUE","Sweden","US Dollar per domestic currency","End-of-period (EoP)","Monthly","Units","0.09066265333321245","0.09057888968397025","0.09305528414431014","0.09968698287377634","0.1036591686534674","0.1042807237082225","0.105144731723217","0.102586198052914","0.1054540852912642","0.1061909312944675"
"IMF.STA:ER(4.0.1)","CYM.USD_XDC.EOP_RT.M","OBS_VALUE","Cayman Islands","US Dollar per domestic currency","End-of-period (EoP)","Monthly","Units","1.2000048000192","1.2000048000192","1.2000048000192","1.2000048000192","1.2000048000192","1.2000048000192","1.2000048000192","1.2000048000192","1.2000048000192","1.2000048000192"
"IMF.STA:ER(4.0.1)","ERI.USD_XDC.EOP_RT.M","OBS_VALUE","Eritrea, The State of","US Dollar per domestic currency","End-of-period (EoP)","Monthly","Units","0.06633499170812604","0.06633499170812604","0.06633499170812604","0.06633499170812604","0.06633499170812604","0.06633499170812604","0.06633499170812604","0.06633499170812604","0.06633499170812604","0.06633499170812604"
"IMF.STA:ER(4.0.1)","ALB.USD_XDC.EOP_RT.M","OBS_VALUE","Albania","US Dollar per domestic currency","End-of-period (EoP)","Monthly","Units","0.01065076152944936","0.01040149781568546","0.01048108164762604","0.01085187194791101","0.0115233924867481","0.01151277918489523","0.0119517150711127","0.01173571177091891","0.01192605843768634","0.01213444970270598"
"IMF.STA:ER(4.0.1)","BMU.USD_XDC.EOP_RT.M","OBS_VALUE","Bermuda","US Dollar per domestic currency","End-of-period (EoP)","Monthly","Units","1.0","1.0","1.0","1.0","1.0","1.0","1.0","1.0","1.0","1.0"
"IMF.STA:ER(4.0.1)","KNA.USD_XDC.EOP_RT.M","OBS_VALUE","St. Kitts and Nevis","US Dollar per domestic currency","End-of-period (EoP)","Monthly","Units","0.3703703703703704","0.3703703703703704","0.3703703703703704","0.3703703703703704","0.3703703703703704","0.3703703703703704","0.3703703703703704","0.3703703703703704","0.3703703703703704","0.3703703703703704"
"IMF.STA:ER(4.0.1)","TLS.USD_XDC.EOP_RT.M","OBS_VALUE","Timor-Leste, Democratic Republic of","US Dollar per domestic currency","End-of-period (EoP)","Monthly","Units","1.0","1.0","1.0","1.0","1.0","1.0","1.0","1.0","1.0","1.0"
"IMF.STA:ER(4.0.1)","JOR.USD_XDC.EOP_RT.M","OBS_VALUE","Jordan","US Dollar per domestic currency","End-of-period (EoP)","Monthly","Units","1.408450704225352","1.408450704225352","1.408450704225352","1.408450704225352","1.408450704225352","1.408450704225352","1.408450704225352","1.408450704225352","1.408450704225352","1.408450704225352"
"IMF.STA:ER(4.0.1)","LCA.USD_XDC.EOP_RT.M","OBS_VALUE","St. Lucia","US Dollar per domestic currency","End-of-period (EoP)","Monthly","Units","0.3703703703703704","0.3703703703703704","0.3703703703703704","0.3703703703703704","0.3703703703703704","0.3703703703703704","0.3703703703703704","0.3703703703703704","0.3703703703703704","0.3703703703703704"
"IMF.STA:ER(4.0.1)","VCT.USD_XDC.EOP_RT.M","OBS_VALUE","St. Vincent and the Grenadines","US Dollar per domestic currency","End-of-period (EoP)","Monthly","Units","0.3703703703703704","0.3703703703703704","0.3703703703703704","0.3703703703703704","0.3703703703703704","0.3703703703703704","0.3703703703703704","0.3703703703703704","0.3703703703703704","0.3703703703703704"
"IMF.STA:ER(4.0.1)","PLW.USD_XDC.EOP_RT.M","OBS_VALUE","Palau, Republic of","US Dollar per domestic currency","End-of-period (EoP)","Monthly","Units","1.0","1.0","1.0","1.0","1.0","1.0","1.0","1.0","1.0","1.0"
"IMF.STA:ER(4.0.1)","DMA.USD_XDC.EOP_RT.M","OBS_VALUE","Dominica","US Dollar per domestic currency","End-of-period (EoP)","Monthly","Units","0.3703703703703704","0.3703703703703704","0.3703703703703704","0.3703703703703704","0.3703703703703704","0.3703703703703704","0.3703703703703704","0.3703703703703704","0.3703703703703704","0.3703703703703704"
"IMF.STA:ER(4.0.1)","GEO.USD_XDC.EOP_RT.M","OBS_VALUE","Georgia","US Dollar per domestic currency","End-of-period (EoP)","Monthly","Units","0.3562776115148924","0.3476930565696603","0.3549623739883572","0.3613630614678568","0.3634249164122692","0.3658447354942562","0.3671611102951975","0.3694535781579045","0.3711125955614934","0.3691671588895452"
"IMF.STA:ER(4.0.1)","ARE.USD_XDC.EOP_RT.M","OBS_VALUE","United Arab Emirates","US Dollar per domestic currency","End-of-period (EoP)","Monthly","Units","0.2722940776038121","0.2722940776038121","0.2722940776038121","0.2722940776038121","0.2722940776038121","0.2722940776038121","0.2722940776038121","0.2722940776038121","0.2722940776038121","0.2722940776038121"
"IMF.STA:ER(4.0.1)","DJI.USD_XDC.EOP_RT.M","OBS_VALUE","Djibouti","US Dollar per domestic currency","End-of-period (EoP)","Monthly","Units","0.005626797058310498","0.005626797058310498","0.005626797058310498","0.005626797058310498","0.005626797058310498","0.005626797058310498","0.005626797058310498","0.005626797058310498","0.005626797058310498","0.005626797058310498"
"IMF.STA:ER(4.0.1)","PRY.USD_XDC.EOP_RT.M","OBS_VALUE","Paraguay","US Dollar per domestic currency","End-of-period (EoP)","Monthly","Units","1.277495699630101E-4","1.270025121096895E-4","1.262838330174133E-4","1.25334250780049E-4","1.249935159613595E-4","1.257174537941213E-4","1.282202516194218E-4","1.352066667703251E-4","1.366036240941472E-4",""
"IMF.STA:ER(4.0.1)","SLV.USD_XDC.EOP_RT.M","OBS_VALUE","El Salvador","US Dollar per domestic currency","End-of-period (EoP)","Monthly","Units","1.0","1.0","1.0","1.0","1.0","1.0","1.0","1.0","1.0","1.0"
"IMF.STA:ER(4.0.1)","BRB.USD_XDC.EOP_RT.M","OBS_VALUE","Barbados","US Dollar per domestic currency","End-of-period (EoP)","Monthly","Units","0.5","0.5","0.5","0.5","0.5","0.5","0.5","0.5","0.5","0.5"
"IMF.STA:ER(4.0.1)","SXM.USD_XDC.EOP_RT.M","OBS_VALUE","Sint Maarten, Kingdom of the Netherlands","US Dollar per domestic currency","End-of-period (EoP)","Monthly","Units","0.558659217877095","0.558659217877095","0.558659217877095","0.558659217877095","0.558659217877095","0.558659217877095","0.558659217877095","0.558659217877095","0.558659217877095","0.558659217877095"
"IMF.STA:ER(4.0.1)","G309.USD_XDC.EOP_RT.M","OBS_VALUE","Eastern Caribbean Currency Union (ECCU)","US Dollar per domestic currency","End-of-period (EoP)","Monthly","Units","0.3703703703703704","0.3703703703703704","0.3703703703703704","0.3703703703703704","0.3703703703703704","0.3703703703703704","0.3703703703703704","0.3703703703703704","0.3703703703703704","0.3703703703703704"
"IMF.STA:ER(4.0.1)","SAU.USD_XDC.EOP_RT.M","OBS_VALUE","Saudi Arabia","US Dollar per domestic currency","End-of-period (EoP)","Monthly","Units","0.2666666666666667","0.2666666666666667","0.2666666666666667","0.2666666666666667","0.2666666666666667","0.2666666666666667","0.2666666666666667","0.2666666666666667","0.2666666666666667","0.2666666666666667"
"IMF.STA:ER(4.0.1)","BLZ.USD_XDC.EOP_RT.M","OBS_VALUE","Belize","US Dollar per domestic currency","End-of-period (EoP)","Monthly","Units","0.5","0.5","0.5","0.5","0.5","0.5","0.5","0.5","0.5","0.5"
"IMF.STA:ER(4.0.1)","BHS.USD_XDC.EOP_RT.M","OBS_VALUE","Bahamas, The","US Dollar per domestic currency","End-of-period (EoP)","Monthly","Units","1.0","1.0","1.0","1.0","1.0","1.0","1.0","1.0","1.0","1.0"
"IMF.STA:ER(4.0.1)","AIA.USD_XDC.EOP_RT.M","OBS_VALUE","Anguilla, United Kingdom-British Overseas Territory","US Dollar per domestic currency","End-of-period (EoP)","Monthly","Units","0.3703703703703704","0.3703703703703704","0.3703703703703704","0.3703703703703704","0.3703703703703704","0.3703703703703704","0.3703703703703704","0.3703703703703704","0.3703703703703704","0.3703703703703704"
"IMF.STA:ER(4.0.1)","CWX.USD_XDC.EOP_RT.M","OBS_VALUE","Curaçao and Sint Maarten","US Dollar per domestic currency","End-of-period (EoP)","Monthly","Units","0.558659217877095","0.558659217877095","0.558659217877095","0.558659217877095","0.558659217877095","0.558659217877095","0.558659217877095","0.558659217877095","0.558659217877095","0.558659217877095"
"IMF.STA:ER(4.0.1)","ABW.USD_XDC.EOP_RT.M","OBS_VALUE","Aruba, Kingdom of the Netherlands","US Dollar per domestic currency","End-of-period (EoP)","Monthly","Units","0.558659217877095","0.558659217877095","0.558659217877095","0.558659217877095","0.558659217877095","0.558659217877095","0.558659217877095","0.558659217877095","0.558659217877095","0.558659217877095"
"IMF.STA:ER(4.0.1)","ATG.USD_XDC.EOP_RT.M","OBS_VALUE","Antigua and Barbuda","US Dollar per domestic currency","End-of-period (EoP)","Monthly","Units","0.3703703703703704","0.3703703703703704","0.3703703703703704","0.3703703703703704","0.3703703703703704","0.3703703703703704","0.3703703703703704","0.3703703703703704","0.3703703703703704","0.3703703703703704"
"IMF.STA:ER(4.0.1)","MSR.USD_XDC.EOP_RT.M","OBS_VALUE","Montserrat, United Kingdom-British Overseas Territory","US Dollar per domestic currency","End-of-period (EoP)","Monthly","Units","0.3703703703703704","0.3703703703703704","0.3703703703703704","0.3703703703703704","0.3703703703703704","0.3703703703703704","0.3703703703703704","0.3703703703703704","0.3703703703703704","0.3703703703703704"
"IMF.STA:ER(4.0.1)","GRD.USD_XDC.EOP_RT.M","OBS_VALUE","Grenada","US Dollar per domestic currency","End-of-period (EoP)","Monthly","Units","0.3703703703703704","0.3703703703703704","0.3703703703703704","0.3703703703703704","0.3703703703703704","0.3703703703703704","0.3703703703703704","0.3703703703703704","0.3703703703703704","0.3703703703703704"
"IMF.STA:ER(4.0.1)","ECU.USD_XDC.EOP_RT.M","OBS_VALUE","Ecuador","US Dollar per domestic currency","End-of-period (EoP)","Monthly","Units","1.0","1.0","1.0","1.0","1.0","1.0","1.0","1.0","1.0","1.0"
"IMF.STA:ER(4.0.1)","FSM.USD_XDC.EOP_RT.M","OBS_VALUE","Micronesia, Federated States of","US Dollar per domestic currency","End-of-period (EoP)","Monthly","Units","1.0","1.0","1.0","1.0","1.0","1.0","1.0","1.0","1.0","1.0"
"IMF.STA:ER(4.0.1)","USA.USD_XDC.EOP_RT.M","OBS_VALUE","United States","US Dollar per domestic currency","End-of-period (EoP)","Monthly","Units","1.0","1.0","1.0","1.0","1.0","1.0","1.0","1.0","1.0","1.0"
"IMF.STA:ER(4.0.1)","CUW.USD_XDC.EOP_RT.M","OBS_VALUE","Curaçao, Kingdom of the Netherlands","US Dollar per domestic currency","End-of-period (EoP)","Monthly","Units","0.558659217877095","0.558659217877095","0.558659217877095","0.558659217877095","0.558659217877095","0.558659217877095","0.558659217877095","0.558659217877095","0.558659217877095","0.558659217877095"
"IMF.STA:ER(4.0.1)","ISL.USD_XDC.EOP_RT.M","OBS_VALUE","Iceland","US Dollar per domestic currency","End-of-period (EoP)","Monthly","Units","0.00723589001447178","0.007084661707403471","0.007145409074669525","0.007578628268283441","0.00779483981604178","0.007863489816780688","0.008241984669908513","0.008048937540244688","0.008152616990053808","0.008245382585751979"
"IMF.STA:ER(4.0.1)","BWA.USD_XDC.EOP_RT.M","OBS_VALUE","Botswana","US Dollar per domestic currency","End-of-period (EoP)","Monthly","Units","0.07167739438335938","0.07204351428262672","0.07222615453508024","0.07312400368544979","0.07324022059954445","0.07455231335828351","0.07515519547866344","0.0740669417019102","0.07472780397402462","0.07511906371598984"
"IMF.STA:ER(4.0.1)","EGY.USD_XDC.EOP_RT.M","OBS_VALUE","Egypt, Arab Republic of","US Dollar per domestic currency","End-of-period (EoP)","Monthly","Units","0.01969023325050309","0.01992496259088274","0.01975894092076665","0.01979057612346153","0.01970571485436491","0.02012141260365043","0.02018261227587209","0.02056580646753482","",""
"IMF.STA:ER(4.0.1)","MAR.USD_XDC.EOP_RT.M","OBS_VALUE","Morocco","US Dollar per domestic currency","End-of-period (EoP)","Monthly","Units","0.0988982732361493","0.09962441595186149","0.1003633152010277","0.1035121678553314","0.1079703729296681","0.1081993464759473","0.1108266560273077","0.1093780762583948","0.1108807256034683",""
"IMF.STA:ER(4.0.1)","JEY.USD_XDC.EOP_RT.M","OBS_VALUE","Jersey","US Dollar per domestic currency","End-of-period (EoP)","Monthly","Units","1.25455","1.24105","1.25955","1.29395","1.3357","1.3472","1.37025","1.32275","1.34625","1.34375"
"IMF.STA:ER(4.0.1)","CAN.USD_XDC.EOP_RT.M","OBS_VALUE","Canada","US Dollar per domestic currency","End-of-period (EoP)","Monthly","Units","0.6958942240779402","0.6904170118751726","0.6926167059149467","0.6956037840845855","0.7240081088908196","0.7232749891508752","0.7329766180458843","0.722334585379948","0.7276961141027507","0.7183391997701315"
"IMF.STA:ER(4.0.1)","SGP.USD_XDC.EOP_RT.M","OBS_VALUE","Singapore","US Dollar per domestic currency","End-of-period (EoP)","Monthly","Units","0.7351319561861354","0.7378984651711924","0.7412898443291327","0.7457121551081283","0.7647013841095052","0.7760962359332557","0.7838219156607619","0.7723797018614351","0.7791195948578107","0.7744133818632386"
"IMF.STA:ER(4.0.1)","GIB.USD_XDC.EOP_RT.M","OBS_VALUE","Gibraltar","US Dollar per domestic currency","End-of-period (EoP)","Monthly","Units","1.25455","1.24105","1.25955","1.29395","1.3357","1.3472","1.37025","1.32275","1.34625","1.34375"
"IMF.STA:ER(4.0.1)","BRN.USD_XDC.EOP_RT.M","OBS_VALUE","Brunei Darussalam","US Dollar per domestic currency","End-of-period (EoP)","Monthly","Units","0.7383343177790904","0.7378984651711924","0.7412898443291327","0.7457121551081283","0.7647013841095052","0.7760962359332557","0.7838219156607619","0.7723797018614351","0.7791195948578107","0.7744133818632386"
"IMF.STA:ER(4.0.1)","NOR.USD_XDC.EOP_RT.M","OBS_VALUE","Norway","US Dollar per domestic currency","End-of-period (EoP)","Monthly","Units","0.0881057268722467","0.08857395925597875","0.08880994671403197","0.09478672985781991","0.09633911368015415","0.09823182711198428","0.09900990099009901","0.09718172983479106","0.09920634920634921","0.1001231514763159"
"IMF.STA:ER(4.0.1)","CRI.USD_XDC.EOP_RT.M","OBS_VALUE","Costa Rica","US Dollar per domestic currency","End-of-period (EoP)","Monthly","Units","0.001961957641334524","0.001966432988879821","0.001976890154098588","0.001997443272611058","0.001979727589483687","0.001974821031843989","0.001979649206160668","0.001978161101440101","0.001975816012012961","0.001990743044841487"
"IMF.STA:ER(4.0.1)","MNG.USD_XDC.EOP_RT.M","OBS_VALUE","Mongolia","US Dollar per domestic currency","End-of-period (EoP)","Monthly","Units","2.923583377674348E-4","2.900030160313667E-4","2.884704144742915E-4","2.867293074627037E-4","2.800477201315104E-4","2.798024594636187E-4","2.792562846626863E-4","2.787464215928128E-4","2.783352213739183E-4","2.783359960810292E-4"
"IMF.STA:ER(4.0.1)","BRA.USD_XDC.EOP_RT.M","OBS_VALUE","Brazil","US Dollar per domestic currency","End-of-period (EoP)","Monthly","Units","0.1615065329392574","0.1715412985676302","0.1709927841045108","0.1741674794482374","0.1766722023956751","0.1751896427883184","0.1832676624209658","0.1785236097473891","0.184304618673744","0.188040616773223"
"IMF.STA:ER(4.0.1)","GGY.USD_XDC.EOP_RT.M","OBS_VALUE","Guernsey","US Dollar per domestic currency","End-of-period (EoP)","Monthly","Units","1.25455","1.24105","1.25955","1.29395","1.3357","1.3472","1.37025","1.32275","1.34625","1.34375"
"IMF.STA:ER(4.0.1)","JPN.USD_XDC.EOP_RT.M","OBS_VALUE","Japan","US Dollar per domestic currency","End-of-period (EoP)","Monthly","Units","0.006383657835939994","0.006479621590099138","0.00668359844940516","0.00668985817500669","0.007016559079427449","0.006950236308034473","0.00690894016857814","0.006696578048617157","0.006809669731018046","0.006719075455217362"
"IMF.STA:ER(4.0.1)","IND.USD_XDC.EOP_RT.M","OBS_VALUE","India","US Dollar per domestic currency","End-of-period (EoP)","Monthly","Units","0.01167907763316484","0.01154182642478076","0.01144156905101338","0.01168478197365315","0.01175730569582674","0.01169894405330975","0.0116899042479943","0.0114214705371746","0.01138285787136005","0.01126223782918113"
"IMF.STA:ER(4.0.1)","SRB.USD_XDC.EOP_RT.M","OBS_VALUE","Serbia, Republic of","US Dollar per domestic currency","End-of-period (EoP)","Monthly","Units","0.008893742896122861","0.008871217423780718","0.00886636438275031","0.009244040829079534","0.009705411640476613","0.009681723036885428","0.01001160344839669","0.009760744627686157","0.009956906508630648","0.01000764584142285"
"IMF.STA:ER(4.0.1)","CHL.USD_XDC.EOP_RT.M","OBS_VALUE","Chile","US Dollar per domestic currency","End-of-period (EoP)","Monthly","Units","0.001008898484634476","0.001012043315453901","0.001051292564207693","0.001056970721911003","0.001057730955554145","0.001066814598290963","0.001068672921965503","0.001022421708057705","0.001033613097945177","0.001040322916233199"
"IMF.STA:ER(4.0.1)","LIE.USD_XDC.EOP_RT.M","OBS_VALUE","Liechtenstein, Principality of","US Dollar per domestic currency","End-of-period (EoP)","Monthly","Units","1.106439477760566","1.09799615701345","1.108770373655616","1.135460429204042","1.211240310077519","1.213592233009709","1.253604111821487","1.230163611760364","1.24890720619458","1.253604111821487"
"IMF.STA:ER(4.0.1)","KOR.USD_XDC.EOP_RT.M","OBS_VALUE","Korea, Republic of","US Dollar per domestic currency","End-of-period (EoP)","Monthly","Units","6.802721088435374E-4","6.976906439684644E-4","6.94637399277577E-4","6.818956699624957E-4","6.951685783802572E-4","7.239032865209208E-4","7.372456502506635E-4","7.231180851833104E-4","7.201497911565606E-4","7.13165026387106E-4"
"IMF.STA:ER(4.0.1)","CHE.USD_XDC.EOP_RT.M","OBS_VALUE","Switzerland","US Dollar per domestic currency","End-of-period (EoP)","Monthly","Units","1.106439477760566","1.09799615701345","1.108770373655616","1.135460429204042","1.211240310077519","1.213592233009709","1.253604111821487","1.230163611760364","1.24890720619458","1.253604111821487"
"IMF.STA:ER(4.0.1)","BTN.USD_XDC.EOP_RT.M","OBS_VALUE","Bhutan","US Dollar per domestic currency","End-of-period (EoP)","Monthly","Units","0.01167907763316484","0.01154182642478076","0.01144156905101338","0.01168478197365315","0.01175730569582674","0.01169894405330975","0.0116899042479943","0.0114214705371746","0.01138285787136005","0.01126223782918113"
"IMF.STA:ER(4.0.1)","IMN.USD_XDC.EOP_RT.M","OBS_VALUE","Isle of Man","US Dollar per domestic currency","End-of-period (EoP)","Monthly","Units","1.25455","1.24105","1.25955","1.29395","1.3357","1.3472","1.37025","1.32275","1.34625","1.34375"
"IMF.STA:ER(4.0.1)","GBR.USD_XDC.EOP_RT.M","OBS_VALUE","United Kingdom","US Dollar per domestic currency","End-of-period (EoP)","Monthly","Units","1.25455","1.24105","1.25955","1.29395","1.3357","1.3472","1.37025","1.32275","1.34625","1.34375"
"IMF.STA:ER(4.0.1)","NZL.USD_XDC.EOP_RT.M","OBS_VALUE","New Zealand","US Dollar per domestic currency","End-of-period (EoP)","Monthly","Units","0.5640157924421884","0.5628095452498874","0.5624929688378895","0.571004396733855","0.5930142916444286","0.5965875193890944","0.6067961165048544","0.59070234508831","0.5891016200294551","0.5782499999999999"
"IMF.STA:ER(4.0.1)","KWT.USD_XDC.EOP_RT.M","OBS_VALUE","Kuwait","US Dollar per domestic currency","End-of-period (EoP)","Monthly","Units","3.24728040266277","3.2441200324412","3.24254215304799","3.24254215304799","3.26477309826967","3.257328990228013","3.275466754012447","3.269042170644001","3.274930407728836","3.278688524590164"
"IMF.STA:ER(4.0.1)","MEX.USD_XDC.EOP_RT.M","OBS_VALUE","Mexico","US Dollar per domestic currency","End-of-period (EoP)","Monthly","Units","0.04933812899947208","0.04861992347224045","0.04895313716179501","0.04921695819511571","0.05109261558426961","0.05154639175257732","0.05293021680216802","0.05329297278860809","0.05350111282314672","0.05439956480348157"
"IMF.STA:ER(4.0.1)","FJI.USD_XDC.EOP_RT.M","OBS_VALUE","Fiji, Republic of","US Dollar per domestic currency","End-of-period (EoP)","Monthly","Units","0.4258943781942078","0.4266939750810719","0.4266939750810719","0.4297009281540048","0.4366049598323437","0.4374070510016621","0.4415011037527594","0.4360908813396712","0.4385003288752467",""
"IMF.STA:ER(4.0.1)","THA.USD_XDC.EOP_RT.M","OBS_VALUE","Thailand","US Dollar per domestic currency","End-of-period (EoP)","Monthly","Units","0.02942223556030234","0.02972227506182233","0.02934074284892745","0.02947548376637732","0.02992990416444687","0.03068491805592633","0.03071592682237594","0.03057898245377987","0.0309489249890905","0.03093293739173472"
"IMF.STA:ER(4.0.1)","POL.USD_XDC.EOP_RT.M","OBS_VALUE","Poland, Republic of","US Dollar per domestic currency","End-of-period (EoP)","Monthly","Units","0.2438310738320492","0.2464511041009464","0.2500437576575901","0.2587790802991486","0.2658372544328362","0.2664038149026294","0.2765180842827121","0.2684059371393295","0.2735304576164556","0.2753683051080821"
"IMF.STA:ER(4.0.1)","IRQ.USD_XDC.EOP_RT.M","OBS_VALUE","Iraq","US Dollar per domestic currency","End-of-period (EoP)","Monthly","Units","7.692307692307692E-4","7.692307692307692E-4","7.692307692307692E-4","7.692307692307692E-4","7.692307692307692E-4","7.692307692307692E-4","7.692307692307692E-4","7.692307692307692E-4","",""
"IMF.STA:ER(4.0.1)","RUS.USD_XDC.EOP_RT.M","OBS_VALUE","Russian Federation","US Dollar per domestic currency","End-of-period (EoP)","Monthly","Units","0.00983477576711251","0.01020304050607081","0.01140250855188141","0.01195028680688337","0.01226091221186856","0.01271940981938438","0.01274372371606984","0.01222045704509349","0.01244864932154861","0.01206709303728732"
"IMF.STA:ER(4.0.1)","UGA.USD_XDC.EOP_RT.M","OBS_VALUE","Uganda","US Dollar per domestic currency","End-of-period (EoP)","Monthly","Units","2.716552447984197E-4","2.713880958325644E-4","2.718263592985991E-4","2.731031619884095E-4","2.728759845008921E-4","2.753441285336432E-4","2.781958091318789E-4","2.78938471751901E-4","2.816615779808245E-4","2.865329512893983E-4"
"IMF.STA:ER(4.0.1)","TTO.USD_XDC.EOP_RT.M","OBS_VALUE","Trinidad and Tobago","US Dollar per domestic currency","End-of-period (EoP)","Monthly","Units","0.1480253419385399","0.1483789598634914","0.148124009420687","0.1484803040876628","0.1484362243761968","0.1480275331211605","0.1482030381622823","0.1482579688658265","0.1487829554246266","0.1480297243686532"
"IMF.STA:ER(4.0.1)","UKR.USD_XDC.EOP_RT.M","OBS_VALUE","Ukraine","US Dollar per domestic currency","End-of-period (EoP)","Monthly","Units","0.02378743547658127","0.02390960257458601","0.02408825938237703","0.02410875943556572","0.02405887688350932","0.02407984877854967","0.02401485078372466","0.02394280542639742","0.02423643123397366","0.0242027610509807"
"IMF.STA:ER(4.0.1)","PER.USD_XDC.EOP_RT.M","OBS_VALUE","Peru","US Dollar per domestic currency","End-of-period (EoP)","Monthly","Units","0.2655689815429558","0.2686727565824825","0.2717391304347826","0.2725538293813028","0.2723311546840959","0.2757479663587481","0.2824459822059031","0.2788233653980204","0.2830455703368242","0.2880599164626242"
"IMF.STA:ER(4.0.1)","UZB.USD_XDC.EOP_RT.M","OBS_VALUE","Uzbekistan, Republic of","US Dollar per domestic currency","End-of-period (EoP)","Monthly","Units","7.73965053929885E-5","7.717829962313836E-5","7.765560824919995E-5","7.744019874252605E-5","7.732062388465E-5","7.831920715900209E-5","7.902558295196904E-5","7.94182139320196E-5","8.011292718215597E-5","8.286541992880203E-5"
"IMF.STA:ER(4.0.1)","ARM.USD_XDC.EOP_RT.M","OBS_VALUE","Armenia, Republic of","US Dollar per domestic currency","End-of-period (EoP)","Monthly","Units","0.002521686503933831","0.002516672958349063","0.002542265158256006","0.002553821794315193","0.002564497102118275","0.002604573631296557","0.002600983171638879","0.002605387942264603","0.002614242392554638","0.002614242392554638"
"IMF.STA:ER(4.0.1)","BGR.USD_XDC.EOP_RT.M","OBS_VALUE","Bulgaria","US Dollar per domestic currency","End-of-period (EoP)","Monthly","Units","0.5311802825879103","0.5313778627982358","0.5323112956456936","0.5529750055297501","0.5814967726929116","0.5797437532610586","0.5992329817833174","0.5852059925093633","0.5960647803203252","0.6003121623244086"
"IMF.STA:ER(4.0.1)","HUN.USD_XDC.EOP_RT.M","OBS_VALUE","Hungary","US Dollar per domestic currency","End-of-period (EoP)","Monthly","Units","0.002540650406504065","0.002545630425374844","0.002595717066839714","0.002694183258345233","0.002810883741848437","0.002802612034416076","0.002937634029552598","0.00286409852498926","0.002941782131615333","0.003005801196308876"
"IMF.STA:ER(4.0.1)","BGD.USD_XDC.EOP_RT.M","OBS_VALUE","Bangladesh","US Dollar per domestic currency","End-of-period (EoP)","Monthly","Units","0.008333333333333333","0.008201701093560141","0.00819672131147541","0.00819672131147541","0.00819672131147541","0.008136696501220503","0.008144980655670942","0.008155609020103576","0.008220979940808944","0.008210180623973728"
"IMF.STA:ER(4.0.1)","MUS.USD_XDC.EOP_RT.M","OBS_VALUE","Mauritius","US Dollar per domestic currency","End-of-period (EoP)","Monthly","Units","0.02113977194414027","0.02134476274228974","0.0212941294214598","0.02185166651734695","0.02208144076984735","0.02177965954036207","0.0220752013810246","0.02123845689867557","0.021709775043311","0.0218200067642021"
"IMF.STA:ER(4.0.1)","CZE.USD_XDC.EOP_RT.M","OBS_VALUE","Czech Republic","US Dollar per domestic currency","End-of-period (EoP)","Monthly","Units","0.04125923175310476","0.04129842240026431","0.04160772239327619","0.04332943368430175","0.0447647611799991","0.0455228296990941","0.04733279689496852","0.0465809577044904","0.04769399532598846","0.04824624885415159"
